closed_at,product_id,position_side,net_size,leverage,opened_at,closure_reason,entry_price,exit_price,profit_loss,profit_loss_pct,mae,mfe,duration_seconds
2025-08-19T15:00:00Z,BTC-PERP-INTX,LONG,0.0432,,2025-08-18T15:40:53Z,expired,115819.1,113800.3,-87.21,-1.7431,-2.37,1.07,83947
2025-08-19T23:00:00Z,BTC-PERP-INTX,LONG,0.0435,,2025-08-19T06:47:26Z,stop_loss,115019.9,112736.69,-99.32,-1.9851,-2.13,0.79,58354
2025-08-20T15:00:00Z,BTC-PERP-INTX,SHORT,-0.0439,,2025-08-19T15:04:34Z,expired,113869.9,113362,22.3,0.446,-0.55,1.32,86126
2025-08-21T18:00:00Z,BTC-PERP-INTX,LONG,0.0438,,2025-08-20T18:00:14Z,expired,114254.9,112608.5,-72.11,-1.441,-1.98,0.52,86386
2025-08-22T14:00:00Z,BTC-PERP-INTX,SHORT,-0.0445,,2025-08-21T17:03:13Z,stop_loss,112436.9,114776.49,-104.11,-2.0808,-4.47,0.68,75407
2025-08-24T19:00:00Z,BTC-PERP-INTX,LONG,0.0436,,2025-08-24T10:36:43Z,stop_loss,114670,112270,-104.64,-2.093,-3.64,0.27,30197
2025-08-25T20:00:00Z,BTC-PERP-INTX,LONG,0.0446,,2025-08-25T15:58:03Z,stop_loss,112180,109780,-107.04,-2.1394,-3.13,0.71,14517
2025-08-26T00:00:00Z,BTC-PERP-INTX,SHORT,-0.0444,,2025-08-25T16:43:24Z,take_profit,112725,109125,159.84,3.1936,-0.22,3.6,26196
2025-08-25T20:00:00Z,BTC-PERP-INTX,LONG,0.0444,,2025-08-25T17:08:44Z,stop_loss,112538,110138,-106.56,-2.1326,-3.44,0.27,10276
2025-08-28T18:00:00Z,BTC-PERP-INTX,SHORT,-0.0444,,2025-08-27T18:30:31Z,expired,112506,112408.8,4.32,0.0864,-0.91,1.45,84569
2025-08-29T07:00:00Z,BTC-PERP-INTX,LONG,0.0442,,2025-08-28T07:27:42Z,stop_loss,113200,110800,-106.08,-2.1201,-3.34,0.29,84738
2025-09-09T08:00:00Z,POL-PERP-INTX,SHORT,-3605,,2025-09-08T08:30:12Z,expired,0.277733,0.2815,-13.58,-1.3563,-1.54,2.93,84588
2025-09-14T11:00:00Z,LINK-PERP-INTX,SHORT,-39.56,,2025-09-13T11:50:09Z,expired,25.276404,24.384,35.3,3.5306,-0.63,4.91,83391
2025-09-14T21:00:00Z,LINK-PERP-INTX,SHORT,-40.2,,2025-09-13T21:41:34Z,expired,24.864724,24.315,22.1,2.2109,-0.73,4.05,83906
2025-09-14T23:00:00Z,MANTLE-PERP-INTX,SHORT,-643,,2025-09-14T16:30:32Z,stop_loss,1.576588,1.6270388,-32.44,-3.2,-8.22,0.55,23368
2025-09-14T23:00:00Z,MANTLE-PERP-INTX,SHORT,-633,,2025-09-14T16:34:31Z,stop_loss,1.570375,1.620627,-31.81,-3.2,-8.65,0.16,23129
2025-09-14T23:00:00Z,MANTLE-PERP-INTX,SHORT,-634,,2025-09-14T16:40:21Z,stop_loss,1.569252,1.6194681,-31.84,-3.2,-8.73,0.08,22779
2025-09-08T16:00:00Z,EURC-PERP-INTX,SHORT,-3413,,2025-09-07T16:04:35Z,expired,1.172,1.1741,-7.17,-0.1792,-0.33,0.1,86125
2025-09-15T15:00:00Z,PAXG-PERP-INTX,SHORT,-0.2735,,2025-09-14T17:33:50Z,stop_loss,3656.1947,3682.8185,-7.28,-0.7282,-0.98,0.56,77170
2025-09-16T15:00:00Z,SOL-PERP-INTX,SHORT,-4.299,,2025-09-15T15:16:52Z,expired,232.70333,237.901,-22.34,-2.2336,-3.6,1.08,85388
2025-09-17T09:00:00Z,SOL-PERP-INTX,SHORT,-4.24,,2025-09-16T09:15:03Z,expired,235.822,235.286,2.27,0.2273,-2.23,1.89,85497
2025-09-17T11:00:00Z,SOL-PERP-INTX,SHORT,-4.241,,2025-09-16T11:28:15Z,expired,235.76782,234.247,6.45,0.6451,-2.25,1.87,84705
2025-09-17T13:00:00Z,SOL-PERP-INTX,SHORT,-4.245,,2025-09-16T13:27:25Z,expired,235.54771,235.56,-0.05,-0.0052,-2.35,1.78,84755
2025-09-17T15:00:00Z,SOL-PERP-INTX,SHORT,-4.251,,2025-09-16T15:27:23Z,expired,235.25226,233.991,5.36,0.5361,-2.48,1.33,84757
2025-09-17T15:00:00Z,AVAX-PERP-INTX,SHORT,-33.531,,2025-09-16T15:14:26Z,expired,29.828432,29.522,10.27,1.0273,-2.17,1.45,85534
2025-09-17T17:00:00Z,SOL-PERP-INTX,SHORT,-4.17,,2025-09-16T17:34:39Z,expired,239.664,232.358,30.47,3.0484,-0.59,3.26,84321
2025-09-17T20:00:00Z,SOL-PERP-INTX,SHORT,-4.203,,2025-09-16T20:24:38Z,expired,237.926,238.073,-0.62,-0.0618,-3.27,2.55,84922
2025-09-17T22:00:00Z,SOL-PERP-INTX,SHORT,-4.236,,2025-09-17T08:27:50Z,stop_loss,236.046,243.59947,-32.0,-3.2,-5.04,1.77,48730
2025-09-17T22:00:00Z,AVAX-PERP-INTX,SHORT,-33.3,,2025-09-17T08:37:18Z,stop_loss,30.02188,30.98258,-31.99,-3.2,-11.01,2.08,48162
2025-09-18T01:00:00Z,SOL-PERP-INTX,SHORT,-4.181,,2025-09-17T21:31:54Z,stop_loss,239.137,246.78938,-31.99,-3.2,-6.06,1.33,12486
2025-09-18T13:00:00Z,EURC-PERP-INTX,SHORT,-845.2,,2025-09-17T19:42:38Z,take_profit,1.1831,1.1760581,5.95,0.5952,-0.16,0.64,62242
2025-09-19T09:00:00Z,HOME-PERP-INTX,SHORT,-24768,,2025-09-18T09:39:18Z,expired,0.040289,0.039613,16.74,1.6779,-0.42,4.58,84042
2025-09-19T11:00:00Z,EURC-PERP-INTX,SHORT,-845.1,,2025-09-18T11:11:11Z,take_profit,1.1831,1.1753669,6.54,0.6536,-0.06,0.86,85729
2025-09-19T09:00:00Z,SOL-PERP-INTX,SHORT,-4.062,,2025-09-18T09:38:51Z,expired,246.219,242.918,13.41,1.3407,-3.01,2.43,84069
2025-09-19T15:00:00Z,SOL-PERP-INTX,SHORT,-4.017,,2025-09-18T15:26:39Z,take_profit,248.912,236.96422,47.99,4.8,-1.9,5.23,84801
2025-09-19T19:00:00Z,RED-PERP-INTX,SHORT,-1691,,2025-09-18T19:52:40Z,expired,0.589743,0.57396,26.69,2.6763,-2.54,3.41,83240
2025-09-19T14:00:00Z,HOME-PERP-INTX,SHORT,-25014,,2025-09-18T19:52:27Z,take_profit,0.039907,0.037991464,47.92,4.8,-1.36,7.12,65253
2025-09-19T15:00:00Z,SOL-PERP-INTX,SHORT,-4.021,,2025-09-18T19:53:02Z,take_profit,248.6556,236.72013,47.99,4.8,-0.76,5.43,68818
2025-09-21T10:00:00Z,BLAST-PERP-INTX,LONG,408330,,2025-09-20T17:57:37Z,expired,0.002446,0.002409,-15.11,-1.5127,-1.51,0.25,57743
2025-09-21T14:00:00Z,PAXG-PERP-INTX,SHORT,-0.271,,2025-09-20T17:20:11Z,expired,3690.6739,3690.09,0.16,0.0158,-0.01,0.16,74389
2025-09-22T05:00:00Z,SOL-PERP-INTX,SHORT,-4.184,,2025-09-21T09:00:55Z,take_profit,238.991,227.51943,48.0,4.8,-0.6,10.79,71945
2025-09-22T06:00:00Z,PAXG-PERP-INTX,SHORT,-0.2712,,2025-09-21T08:59:50Z,stop_loss,3686.1162,3713.8426,-7.52,-0.7522,-1.4,0.03,75610
2025-09-22T17:00:00Z,ATH-PERP-INTX,SHORT,-17219,,2025-09-22T11:16:27Z,stop_loss,0.058041,0.059898312,-31.98,-3.2,-10.95,1.85,20613
2025-09-23T09:00:00Z,PAXG-PERP-INTX,SHORT,-0.5313,,2025-09-22T16:33:30Z,stop_loss,3764.4271,3789.34,-13.24,-0.6618,-0.95,0.53,59190
2025-09-23T16:00:00Z,EURC-PERP-INTX,SHORT,-848.5,,2025-09-22T16:30:43Z,expired,1.1787,1.1806,-1.61,-0.1612,-0.27,0.11,84557
2025-09-24T11:00:00Z,PAXG-PERP-INTX,SHORT,-0.5279,,2025-09-23T11:25:56Z,expired,3794.4,3775.83,9.8,0.4894,-0.11,0.85,84844
2025-09-23T16:00:00Z,ZEN-PERP-INTX,LONG,144,,2025-09-23T13:06:32Z,take_profit,6.901212,7.2324702,47.7,4.8,-3.86,6.31,10408
2025-09-24T17:00:00Z,UNI-PERP-INTX,LONG,123.79,,2025-09-23T17:52:39Z,expired,8.078,8.094,1.98,0.1981,-2.98,1.47,83241
2025-09-24T12:00:00Z,EURC-PERP-INTX,SHORT,-846.5,,2025-09-23T17:59:53Z,take_profit,1.1811,1.1744361,5.64,0.5642,-0.07,0.69,64807
2025-09-24T14:00:00Z,XRP-PERP-INTX,LONG,349,,2025-09-23T14:01:18Z,expired,2.8662,2.9212,19.19,1.9189,-2.7,3.06,86322
2025-09-24T04:00:00Z,BTC-PERP-INTX,LONG,0.0088,,2025-09-23T14:01:01Z,stop_loss,113005.4,111303.09,-14.98,-1.5064,-1.71,0.87,50339
2025-09-25T08:00:00Z,BTC-PERP-INTX,LONG,0.0089,,2025-09-24T08:31:39Z,expired,112537.5,111757.2,-6.94,-0.6934,-0.96,1.31,84501
2025-09-25T09:00:00Z,XRP-PERP-INTX,LONG,348,,2025-09-24T09:45:59Z,expired,2.8792,2.8283,-17.71,-1.7679,-2.46,4.09,83641
2025-09-25T04:00:00Z,BTC-PERP-INTX,LONG,0.0088,,2025-09-24T15:57:27Z,stop_loss,113538,111864.5,-14.73,-1.474,-4.28,0.42,43353
2025-09-25T04:00:00Z,LTC-PERP-INTX,LONG,9.34,,2025-09-24T15:58:12Z,stop_loss,106.98127,103.55787,-31.97,-3.2,-6.25,0.49,43308
2025-09-25T04:00:00Z,TAO-PERP-INTX,LONG,0.796,,2025-09-24T17:24:40Z,stop_loss,313.94704,303.90073,-8.0,-3.2,-7.61,0.6,38120
2025-09-25T12:00:00Z,TRUMP-PERP-INTX,LONG,32.32,,2025-09-24T17:25:32Z,stop_loss,7.731809,7.4843911,-8.0,-3.2,-5.44,0.24,66868
2025-09-25T04:00:00Z,LTC-PERP-INTX,LONG,2.34,,2025-09-24T17:25:07Z,stop_loss,106.82,103.40176,-8.0,-3.2,-6.11,0.3,38093
2025-09-25T17:00:00Z,BTC-PERP-INTX,LONG,0.0122,,2025-09-25T09:00:07Z,stop_loss,111686.44,109916.17,-21.6,-1.585,-2.72,0.54,28793
2025-09-25T17:00:00Z,LTC-PERP-INTX,LONG,2.4,,2025-09-25T08:59:05Z,stop_loss,104.02,100.69136,-7.99,-3.2,-3.59,1.26,28855
2025-09-25T17:00:00Z,XRP-PERP-INTX,LONG,88,,2025-09-25T09:01:08Z,stop_loss,2.8317,2.7410856,-7.97,-3.2,-4.64,1.06,28732
2025-09-25T17:00:00Z,XLM-PERP-INTX,LONG,692,,2025-09-25T09:00:41Z,stop_loss,0.361199,0.34964063,-8.0,-3.2,-4.21,1.34,28759
2025-09-25T17:00:00Z,TRUMP-PERP-INTX,LONG,33.07,,2025-09-25T08:59:32Z,stop_loss,7.575806,7.3333802,-8.02,-3.2,-3.5,1.18,28828
2025-09-26T18:00:00Z,BTC-PERP-INTX,LONG,0.0275,,2025-09-25T18:11:35Z,expired,108969.3,109785.9,22.46,0.7494,-0.29,1.29,85705
2025-09-26T17:00:00Z,SOL-PERP-INTX,SHORT,-1.277,,2025-09-25T23:04:22Z,stop_loss,195.79,202.05528,-8.0,-3.2,-5.0,2.49,64538
2025-09-26T20:00:00Z,UNI-PERP-INTX,LONG,33.51,,2025-09-25T20:51:11Z,expired,7.460941,7.557,3.22,1.2875,-1.82,2.43,83329
2025-09-26T20:00:00Z,XLM-PERP-INTX,LONG,712,,2025-09-25T20:51:56Z,expired,0.3512,0.35977,6.1,2.4402,-1.48,3.71,83284
2025-09-26T20:00:00Z,XRP-PERP-INTX,LONG,91,,2025-09-25T20:51:34Z,expired,2.7518,2.781,2.66,1.0611,-1.88,2.17,83306
2025-09-26T20:00:00Z,TRUMP-PERP-INTX,LONG,33.56,,2025-09-25T20:51:22Z,expired,7.449,7.558,3.66,1.4633,-1.11,2.16,83318
2025-09-26T20:00:00Z,ETC-PERP-INTX,LONG,13.94,,2025-09-25T20:51:45Z,expired,17.939299,18.381,6.16,2.4622,-1.13,3.39,83295
2025-09-26T20:00:00Z,LTC-PERP-INTX,LONG,2.44,,2025-09-25T20:51:00Z,expired,102.34922,104.02,4.08,1.6324,-1.27,2.54,83340
2025-09-26T20:00:00Z,TAO-PERP-INTX,LONG,0.842,,2025-09-25T20:50:48Z,expired,297.10165,299.14,1.72,0.6861,-1.99,3.16,83352
2025-09-26T20:00:00Z,BTC-PERP-INTX,LONG,0.0023,,2025-09-25T20:52:07Z,expired,109123.3,109360.8,0.55,0.2176,-0.41,1.15,83273
2025-09-26T18:00:00Z,LINK-PERP-INTX,LONG,12.37,,2025-09-25T20:52:18Z,take_profit,20.212,21.182176,12.0,4.8,-1.36,5.19,76062
2025-09-27T10:00:00Z,XLM-PERP-INTX,LONG,715,,2025-09-26T10:14:38Z,expired,0.34972,0.36212,8.87,3.5457,-1.06,4.15,85522
2025-09-26T15:00:00Z,AERO-PERP-INTX,LONG,252.8,,2025-09-26T10:15:22Z,take_profit,0.987846,1.0352626,11.99,4.8,-0.32,8.52,17078
2025-09-27T10:00:00Z,BTC-PERP-INTX,LONG,0.0023,,2025-09-26T10:14:27Z,expired,109248.6,109495.8,0.57,0.2263,-0.53,1.03,85533
2025-09-26T17:00:00Z,LINK-PERP-INTX,LONG,12.45,,2025-09-26T10:15:11Z,take_profit,20.075539,21.039165,12.0,4.8,-0.69,5.91,24289
2025-09-27T10:00:00Z,XRP-PERP-INTX,LONG,92,,2025-09-26T10:14:16Z,expired,2.7297,2.7898,5.53,2.2017,-1.08,2.99,85544
2025-09-27T10:00:00Z,LTC-PERP-INTX,LONG,2.46,,2025-09-26T10:13:44Z,expired,101.46,104.34,7.08,2.8386,-0.4,3.44,85576
2025-09-27T10:00:00Z,TRUMP-PERP-INTX,LONG,33.64,,2025-09-26T10:14:06Z,expired,7.434,7.538,3.5,1.399,-0.43,2.37,85554
2025-09-27T10:00:00Z,ICP-PERP-INTX,LONG,61.24,,2025-09-26T10:14:49Z,expired,4.08,4.198,7.23,2.8922,-0.56,3.85,85511
2025-09-27T10:00:00Z,TAO-PERP-INTX,LONG,0.848,,2025-09-26T10:13:55Z,expired,294.79952,299.89,4.32,1.7268,-1.22,3.8,85565
2025-09-26T18:00:00Z,SUI-PERP-INTX,LONG,80.5,,2025-09-26T10:15:00Z,take_profit,3.1054,3.2544592,12.0,4.8,-1.04,4.89,27900
2025-09-27T11:00:00Z,TRUMP-PERP-INTX,LONG,33.44,,2025-09-26T11:38:57Z,expired,7.478801,7.532,1.78,0.7113,-1.03,1.75,84063
2025-09-27T11:00:00Z,BTC-PERP-INTX,LONG,0.0023,,2025-09-26T11:39:23Z,expired,109102.6,109375.1,0.63,0.2498,-0.39,1.17,84037
2025-09-27T11:00:00Z,INJ-PERP-INTX,LONG,21.8,,2025-09-26T11:39:46Z,expired,11.491927,11.783,6.35,2.5328,-1.7,4.08,84014
2025-09-27T11:00:00Z,LTC-PERP-INTX,LONG,2.45,,2025-09-26T11:38:46Z,expired,101.98812,104.03,5.0,2.0021,-0.92,2.9,84074
2025-09-27T11:00:00Z,ICP-PERP-INTX,LONG,61.04,,2025-09-26T11:39:08Z,expired,4.099,4.189,5.49,2.1957,-1.02,3.37,84052
2025-09-27T11:00:00Z,BTC-PERP-INTX,LONG,0.0275,,2025-09-26T11:50:48Z,expired,109254,109375.1,3.33,0.1108,-0.53,1.03,83352
2025-09-27T12:00:00Z,XLM-PERP-INTX,LONG,716,,2025-09-26T12:00:08Z,expired,0.349331,0.36093,8.3,3.3203,-0.74,4.26,86392
2025-09-27T12:00:00Z,XRP-PERP-INTX,LONG,92,,2025-09-26T12:00:19Z,expired,2.7288,2.7857,5.23,2.0852,-1.0,3.03,86381
2025-09-27T11:00:00Z,LTC-PERP-INTX,LONG,2.45,,2025-09-26T11:59:57Z,expired,102,104.03,4.97,1.9902,-0.93,2.89,82803
2025-09-27T12:00:00Z,BTC-PERP-INTX,LONG,0.0023,,2025-09-26T12:00:52Z,expired,109148.8,109464.4,0.73,0.2891,-0.32,1.13,86348
2025-09-27T12:00:00Z,ICP-PERP-INTX,LONG,60.99,,2025-09-26T12:01:03Z,expired,4.098538,4.213,6.98,2.7928,-0.92,3.38,86337
2025-09-27T06:00:00Z,ARB-PERP-INTX,LONG,614.3,,2025-09-26T12:01:36Z,take_profit,0.4071,0.4266408,12.0,4.8,-1.15,4.89,64704
2025-09-27T12:00:00Z,TRUMP-PERP-INTX,LONG,33.41,,2025-09-26T12:00:40Z,expired,7.470793,7.551,2.68,1.0736,-0.92,1.86,86360
2025-09-27T12:00:00Z,TAO-PERP-INTX,LONG,0.846,,2025-09-26T12:00:30Z,expired,295.73903,301.83,5.15,2.0596,-1.53,3.47,86370
2025-09-27T12:00:00Z,FET-PERP-INTX,LONG,444.4,,2025-09-26T12:01:14Z,expired,0.561312,0.5778,7.33,2.9374,-0.79,4.33,86326
2025-09-27T12:00:00Z,BTC-PERP-INTX,LONG,0.0275,,2025-09-26T12:16:50Z,expired,109105.2,109464.4,9.88,0.3292,-0.28,1.17,85390
2025-09-26T17:00:00Z,ADA-PERP-INTX,SHORT,-1636,,2025-09-26T12:29:11Z,stop_loss,0.7651,0.7895832,-40.05,-3.2,-4.13,0.9,16249
2025-09-26T17:00:00Z,APT-PERP-INTX,SHORT,-316.9,,2025-09-26T12:30:04Z,stop_loss,3.940892,4.0670005,-39.96,-3.2,-4.65,0.86,16196
2025-09-27T13:00:00Z,XLM-PERP-INTX,LONG,706,,2025-09-26T13:49:04Z,expired,0.354451,0.36004,3.95,1.5768,-1.5,2.76,83456
2025-09-26T18:00:00Z,AERO-PERP-INTX,LONG,247.7,,2025-09-26T13:49:37Z,take_profit,1.016195,1.0649724,12.08,4.8,-1.88,5.49,15023
2025-09-27T13:00:00Z,XRP-PERP-INTX,LONG,91,,2025-09-26T13:48:10Z,expired,2.7594,2.7821,2.07,0.8226,-2.1,1.88,83510
2025-09-27T13:00:00Z,ARB-PERP-INTX,LONG,605.9,,2025-09-26T13:49:15Z,expired,0.412691,0.4222,5.76,2.3041,-1.33,3.47,83445
2025-09-27T13:00:00Z,LTC-PERP-INTX,LONG,2.42,,2025-09-26T13:48:21Z,expired,103.21,104.38,2.83,1.1336,-0.85,1.69,83499
2025-09-27T13:00:00Z,HBAR-PERP-INTX,LONG,1191,,2025-09-26T13:48:32Z,expired,0.20982,0.21333,4.18,1.6729,-1.0,3.21,83488
2025-09-27T13:00:00Z,BTC-PERP-INTX,LONG,0.0023,,2025-09-26T13:48:43Z,expired,109608.8,109381.8,-0.52,-0.2071,-0.73,0.7,83477
2025-09-27T13:00:00Z,LINK-PERP-INTX,LONG,12.2,,2025-09-26T13:49:26Z,expired,20.5,20.992,6.0,2.4,-1.13,3.71,83434
2025-09-27T13:00:00Z,TRUMP-PERP-INTX,LONG,33.39,,2025-09-26T13:48:53Z,expired,7.483795,7.548,2.14,0.8579,-0.92,1.69,83467
2025-09-27T14:00:00Z,BTC-PERP-INTX,LONG,0.0184,,2025-09-26T14:10:04Z,expired,109272,109363.8,1.69,0.084,-0.43,1.01,85796
2025-09-27T14:00:00Z,XLM-PERP-INTX,LONG,707,,2025-09-26T14:10:26Z,expired,0.353618,0.3599,4.44,1.7765,-1.27,3.0,85774
2025-09-26T18:00:00Z,AERO-PERP-INTX,LONG,246.4,,2025-09-26T14:10:37Z,take_profit,1.020088,1.0690522,12.06,4.8,-1.72,5.09,13763
2025-09-27T14:00:00Z,TRUMP-PERP-INTX,LONG,33.4,,2025-09-26T14:10:15Z,expired,7.498,7.523,0.83,0.3334,-1.11,1.49,85785
2025-09-27T14:00:00Z,HBAR-PERP-INTX,LONG,1192,,2025-09-26T14:09:42Z,expired,0.20975,0.21348,4.45,1.7783,-0.96,3.24,85818
2025-09-27T14:00:00Z,LTC-PERP-INTX,LONG,2.43,,2025-09-26T14:09:20Z,expired,103.01,104.67,4.03,1.6115,-0.57,1.92,85840
2025-09-27T14:00:00Z,XRP-PERP-INTX,LONG,91,,2025-09-26T14:09:31Z,expired,2.7452,2.7842,3.55,1.4207,-1.6,2.41,85829
2025-09-27T14:00:00Z,TAO-PERP-INTX,LONG,0.848,,2025-09-26T14:09:53Z,expired,294.87,300.46,4.74,1.8958,-1.24,3.77,85807
2025-09-27T15:00:00Z,BTC-PERP-INTX,LONG,0.0114,,2025-09-26T15:46:21Z,expired,109317,109456,1.58,0.1272,-0.44,0.97,83619
2025-09-27T14:00:00Z,LINK-PERP-INTX,LONG,12.19,,2025-09-26T14:10:59Z,expired,20.506,20.984,5.83,2.331,-0.59,3.68,85741
2025-09-27T20:00:00Z,APT-PERP-INTX,SHORT,-305.9,,2025-09-27T10:34:52Z,stop_loss,4.084,4.214688,-39.98,-3.2,-4.58,0.61,33908
2025-09-28T10:00:00Z,APT-PERP-INTX,LONG,305.9,,2025-09-27T10:36:39Z,expired,4.098,4.09,-2.45,-0.1952,-0.95,4.22,84201
2025-09-28T01:00:00Z,EURC-PERP-INTX,SHORT,-213.7,,2025-09-27T07:22:58Z,expired,1.1692,1.169,0.04,0.0171,0.0,0.03,63422
2025-09-28T07:00:00Z,XLM-PERP-INTX,LONG,692,,2025-09-27T07:23:53Z,expired,0.361202,0.35738,-2.64,-1.0581,-1.88,0.58,84967
2025-09-28T07:00:00Z,XRP-PERP-INTX,LONG,90,,2025-09-27T07:23:09Z,expired,2.7931,2.7894,-0.33,-0.1325,-1.09,1.34,85011
2025-09-28T07:00:00Z,BTC-PERP-INTX,LONG,0.0023,,2025-09-27T07:23:42Z,expired,109579.8,109565,-0.03,-0.0135,-0.43,0.26,84978
2025-09-28T07:00:00Z,TAO-PERP-INTX,LONG,0.83,,2025-09-27T07:23:20Z,expired,301.14949,297.07,-3.39,-1.3546,-2.37,0.26,85000
2025-09-28T07:00:00Z,HBAR-PERP-INTX,LONG,1172,,2025-09-27T07:24:27Z,expired,0.213337,0.21082,-2.95,-1.1798,-2.05,0.96,84933
2025-09-28T07:00:00Z,LINK-PERP-INTX,LONG,11.9,,2025-09-27T07:24:05Z,expired,21.003,20.745,-3.07,-1.2284,-2.18,0.56,84955
2025-09-28T07:00:00Z,TRUMP-PERP-INTX,LONG,32.94,,2025-09-27T07:23:31Z,expired,7.584791,7.475,-3.62,-1.4475,-1.99,0.52,84989
2025-09-28T07:00:00Z,LTC-PERP-INTX,LONG,2.41,,2025-09-27T07:24:15Z,expired,103.9,104.19,0.7,0.2791,-0.48,1.05,84945
2025-09-28T23:00:00Z,AERO-PERP-INTX,LONG,241.6,,2025-09-28T17:05:55Z,take_profit,1.036968,1.0867425,12.03,4.8,-0.22,5.4,21245
2025-09-29T17:00:00Z,LTC-PERP-INTX,LONG,2.38,,2025-09-28T17:06:29Z,expired,105.18,106.22,2.48,0.9888,-0.28,2.39,86011
2025-09-28T22:00:00Z,CRV-PERP-INTX,LONG,373,,2025-09-28T17:05:33Z,take_profit,0.6711,0.7033128,12.02,4.8,-0.24,5.8,17667
2025-09-29T17:00:00Z,INJ-PERP-INTX,LONG,21.2,,2025-09-28T17:05:44Z,expired,11.804,11.969,3.5,1.3978,-0.8,3.5,86056
2025-09-29T02:00:00Z,PAXG-PERP-INTX,SHORT,-0.0663,,2025-09-28T17:04:49Z,stop_loss,3771.1133,3801.3433,-2.0,-0.8016,-1.91,0.01,32111
2025-09-28T20:00:00Z,ZEC-PERP-INTX,SHORT,-4.27,,2025-09-28T17:06:06Z,stop_loss,58.524262,60.397038,-8.0,-3.2,-22.03,0.3,10434
2025-09-29T17:00:00Z,ZRO-PERP-INTX,SHORT,-108.6,,2025-09-28T17:06:18Z,expired,2.298383,2.302,-0.39,-0.1574,-1.72,3.15,86022
2025-09-29T17:00:00Z,ENS-PERP-INTX,LONG,12.66,,2025-09-28T17:05:00Z,expired,19.88,19.96,1.01,0.4024,-0.91,2.36,86100
2025-09-29T17:00:00Z,SUI-PERP-INTX,LONG,78.2,,2025-09-28T17:05:22Z,expired,3.1997,3.2785,6.16,2.4627,-0.44,4.12,86078
2025-09-29T17:00:00Z,SUSHI-PERP-INTX,LONG,383,,2025-09-28T17:05:11Z,expired,0.65706,0.66237,2.03,0.8081,-1.07,2.22,86089
2025-09-28T21:00:00Z,ZEC-PERP-INTX,SHORT,-4.2,,2025-09-28T18:23:22Z,stop_loss,59.4,61.3008,-7.98,-3.2,-20.24,0.84,9398
2025-09-29T07:00:00Z,PROVE-PERP-INTX,LONG,347,,2025-09-28T18:23:33Z,stop_loss,0.722087,0.69898022,-8.02,-3.2,-9.01,1.87,45387
2025-09-29T18:00:00Z,INJ-PERP-INTX,LONG,21.1,,2025-09-28T18:23:45Z,expired,11.827953,11.996,3.55,1.4208,-1.0,3.42,84975
2025-09-29T18:00:00Z,SUI-PERP-INTX,LONG,78.3,,2025-09-28T18:23:56Z,expired,3.1908,3.2694,6.15,2.4633,-0.06,4.41,84964
2025-09-29T18:00:00Z,LTC-PERP-INTX,LONG,2.38,,2025-09-28T18:24:07Z,expired,105.02811,105.9,2.08,0.8302,-0.06,2.53,84953
2025-09-28T22:00:00Z,CRV-PERP-INTX,LONG,373,,2025-09-28T18:24:19Z,take_profit,0.670606,0.70279509,12.01,4.8,-0.16,5.87,12941
2025-09-29T18:00:00Z,ZRO-PERP-INTX,SHORT,-108.7,,2025-09-28T18:23:11Z,expired,2.297377,2.304,-0.72,-0.2883,-1.77,3.11,85009
2025-09-29T18:00:00Z,PENDLE-PERP-INTX,LONG,53.2,,2025-09-28T18:24:31Z,expired,4.686,4.668,-0.96,-0.3841,-1.17,3.14,84929
2025-09-29T18:00:00Z,FET-PERP-INTX,LONG,437.2,,2025-09-28T18:24:52Z,expired,0.571931,0.5707,-0.54,-0.2152,-1.75,1.88,84908
2025-09-29T18:00:00Z,AERO-PERP-INTX,LONG,239,,2025-09-28T18:24:42Z,expired,1.04825,1.0459,-0.56,-0.2242,-1.01,4.27,84918
2025-09-29T11:00:00Z,PROVE-PERP-INTX,LONG,357,,2025-09-29T08:27:07Z,stop_loss,0.70146,0.67901328,-8.01,-3.2,-10.74,0.04,9173
2025-09-30T01:00:00Z,AERO-PERP-INTX,LONG,236.7,,2025-09-29T08:26:45Z,stop_loss,1.060234,1.0263065,-8.03,-3.2,-5.66,2.93,59595
2025-09-29T21:00:00Z,PAXG-PERP-INTX,SHORT,-0.0654,,2025-09-29T08:26:01Z,stop_loss,3820.87,3848.0968,-1.78,-0.7126,-1.57,0.29,45239
2025-09-30T08:00:00Z,LTC-PERP-INTX,LONG,2.35,,2025-09-29T08:26:56Z,expired,106.2,105.63,-1.34,-0.5367,-0.95,1.4,84784
2025-09-30T08:00:00Z,ADA-PERP-INTX,LONG,312,,2025-09-29T08:27:18Z,expired,0.8022,0.7924,-3.06,-1.2216,-2.19,1.78,84762
2025-09-29T08:00:00Z,COW-PERP-INTX,SHORT,-752,,2025-09-29T08:27:31Z,stop_loss,0.326696,0.33715027,-7.86,-3.2,-7.3,8.5,0
2025-09-29T14:00:00Z,ZRO-PERP-INTX,SHORT,-110.5,,2025-09-29T08:26:23Z,stop_loss,2.257605,2.3298484,-7.98,-3.2,-3.56,7.38,20017
2025-09-30T08:00:00Z,EURC-PERP-INTX,SHORT,-213.4,,2025-09-29T08:26:12Z,stop_loss,1.1712,1.1754822,-0.91,-0.3656,-0.38,0.01,84828
2025-09-30T08:00:00Z,PENDLE-PERP-INTX,LONG,53.1,,2025-09-29T08:26:34Z,expired,4.719,4.656,-3.35,-1.335,-2.71,2.42,84806
2025-09-30T13:00:00Z,BERA-PERP-INTX,SHORT,-181.2,,2025-09-29T13:36:46Z,expired,2.75212,2.706,8.36,1.6758,-2.5,4.47,84194
2025-09-30T13:00:00Z,SUI-PERP-INTX,LONG,155.2,,2025-09-29T13:36:27Z,expired,3.2207,3.2142,-1.01,-0.2018,-1.95,3.44,84213
2025-09-30T13:00:00Z,EURC-PERP-INTX,SHORT,-425.5,,2025-09-29T13:35:50Z,expired,1.1749,1.1733,0.68,0.1362,-0.06,0.27,84250
2025-09-30T01:00:00Z,PAXG-PERP-INTX,SHORT,-0.1304,,2025-09-29T13:35:32Z,stop_loss,3835.708,3862.9348,-3.55,-0.7098,-1.18,0.68,41068
2025-09-30T13:00:00Z,PENDLE-PERP-INTX,LONG,107.4,,2025-09-29T13:36:09Z,expired,4.657,4.609,-5.16,-1.0307,-2.77,3.78,84231
2025-09-30T09:00:00Z,ZEC-PERP-INTX,SHORT,-7.29,,2025-09-30T07:41:31Z,take_profit,68.549451,65.259077,23.99,4.8,-43.08,7.1,4709
2025-09-30T16:00:00Z,PENDLE-PERP-INTX,LONG,107.7,,2025-09-30T07:40:36Z,stop_loss,4.646,4.497328,-16.01,-3.2,-10.98,0.75,29964
2025-10-01T07:00:00Z,AERO-PERP-INTX,LONG,493.6,,2025-09-30T07:40:54Z,expired,1.013203,1.0118,-0.69,-0.1385,-3.15,6.91,83946
2025-10-01T07:00:00Z,INJ-PERP-INTX,LONG,42.3,,2025-09-30T07:41:12Z,expired,11.812809,11.933,5.08,1.0175,-2.31,5.61,83928
2025-10-01T07:00:00Z,EURC-PERP-INTX,SHORT,-425.8,,2025-09-30T07:40:17Z,expired,1.1741,1.1748,-0.3,-0.0596,-0.28,0.2,83983
2025-10-01T08:00:00Z,AERO-PERP-INTX,LONG,495,,2025-10-01T07:50:26Z,take_profit,1.011759,1.0603234,24.04,4.8,-0.89,14.22,574
2025-10-01T15:00:00Z,ENS-PERP-INTX,LONG,25.29,,2025-10-01T07:50:59Z,take_profit,19.826441,20.77811,24.07,4.8,-0.64,9.65,25741
2025-10-01T09:00:00Z,PENDLE-PERP-INTX,LONG,113,,2025-10-01T07:50:15Z,take_profit,4.429,4.641592,24.02,4.8,-0.84,12.64,4185
2025-10-02T07:00:00Z,PAXG-PERP-INTX,SHORT,-0.1287,,2025-10-01T07:50:37Z,expired,3883.3239,3876.45,0.88,0.177,-0.56,0.49,83363
2025-10-02T07:00:00Z,EURC-PERP-INTX,SHORT,-425.6,,2025-10-01T07:50:48Z,expired,1.1747,1.1752,-0.21,-0.0426,-0.23,0.26,83352
2025-10-03T00:00:00Z,STRK-PERP-INTX,SHORT,-3239.4,,2025-10-02T16:29:54Z,take_profit,0.154262,0.14685742,23.99,4.8,-1.58,6.86,27006
2025-10-03T13:00:00Z,ZRO-PERP-INTX,SHORT,-219.5,,2025-10-02T16:30:06Z,stop_loss,2.271034,2.3437071,-15.95,-3.2,-10.57,1.5,73794
2025-10-03T15:00:00Z,BCH-PERP-INTX,SHORT,-0.847,,2025-10-02T16:30:16Z,stop_loss,590.15053,607.38948,-14.6,-2.9211,-4.34,0.61,80984
2025-10-03T16:00:00Z,EURC-PERP-INTX,LONG,427.2,,2025-10-02T16:29:45Z,take_profit,1.1707,1.1769317,2.66,0.5323,-0.06,0.55,84615
2025-10-03T21:00:00Z,CAKE-PERP-INTX,SHORT,-139.9,,2025-10-03T18:42:27Z,stop_loss,3.570548,3.6848055,-15.98,-3.2,-4.99,6.78,8253
2025-10-05T16:00:00Z,PENDLE-PERP-INTX,LONG,105.9,,2025-10-04T16:56:34Z,expired,4.727,4.753,2.75,0.55,-0.87,4.21,83006
2025-10-04T18:00:00Z,PAXG-PERP-INTX,SHORT,-0.1285,,2025-10-03T18:42:07Z,expired,3889.32,3898.63,-1.2,-0.2394,-0.3,0.53,83873
2025-10-04T18:00:00Z,EURC-PERP-INTX,SHORT,-425.6,,2025-10-03T18:42:17Z,expired,1.1748,1.1785,-1.57,-0.3149,-0.31,0.02,83863
2025-10-05T02:00:00Z,PENGU-PERP-INTX,LONG,16802,,2025-10-04T18:45:30Z,take_profit,0.029771,0.031200008,24.01,4.8,-0.23,14.31,26070
2025-10-05T04:00:00Z,APT-PERP-INTX,SHORT,-96.8,,2025-10-04T18:46:00Z,stop_loss,5.164,5.329248,-16.0,-3.2,-9.41,0.04,33240
2025-10-05T18:00:00Z,ETHFI-PERP-INTX,SHORT,-270.3,,2025-10-04T18:45:50Z,expired,1.849784,1.8191,8.29,1.6588,-2.6,3.06,83650
2025-10-05T03:00:00Z,ENA-PERP-INTX,LONG,857,,2025-10-04T18:45:20Z,take_profit,0.583652,0.6116673,24.01,4.8,-0.27,8.16,29680
2025-10-05T18:00:00Z,EURC-PERP-INTX,SHORT,-424.3,,2025-10-04T18:45:40Z,expired,1.1784,1.1763,0.89,0.1782,-0.31,0.33,83660
2025-10-06T00:00:00Z,ENA-PERP-INTX,LONG,838,,2025-10-05T18:52:25Z,stop_loss,0.596609,0.57751751,-16.0,-3.2,-5.06,2.41,18455
2025-10-06T17:00:00Z,NEAR-PERP-INTX,SHORT,-167.4,,2025-10-05T18:52:45Z,stop_loss,2.986775,3.0823518,-16.0,-3.2,-3.44,1.81,79635
2025-10-06T17:00:00Z,SUI-PERP-INTX,SHORT,-139.8,,2025-10-05T18:52:54Z,stop_loss,3.574999,3.689399,-15.99,-3.2,-4.05,1.46,79626
2025-10-06T14:00:00Z,PENDLE-PERP-INTX,LONG,106,,2025-10-05T18:52:15Z,take_profit,4.722,4.948656,24.03,4.8,-1.21,6.97,68865
2025-10-06T08:00:00Z,EURC-PERP-INTX,SHORT,-424.9,,2025-10-05T18:52:35Z,take_profit,1.1752,1.1691249,2.58,0.5169,-0.21,0.61,47245
2025-10-06T21:00:00Z,STRK-PERP-INTX,SHORT,-2615.2,,2025-10-06T18:59:19Z,take_profit,0.191532,0.18233846,24.04,4.8,-1.35,13.27,7241
2025-10-07T03:00:00Z,APT-PERP-INTX,SHORT,-91,50,2025-10-06T18:59:23Z,take_profit,5.491,5.227432,23.98,4.8,-0.13,5.43,28837
2025-10-06T19:00:00Z,EURC-PERP-INTX,LONG,426.6,50,2025-10-06T18:59:10Z,take_profit,1.1668,1.1733271,2.78,0.5594,-0.09,0.58,50
2025-10-07T14:00:00Z,ETHFI-PERP-INTX,SHORT,-268.5,50,2025-10-06T19:02:55Z,take_profit,1.860571,1.7712636,23.98,4.8,-0.63,7.18,68225
2025-10-08T03:00:00Z,ZETA-PERP-INTX,LONG,2756.3,,2025-10-07T19:06:54Z,stop_loss,0.181709,0.17589431,-16.03,-3.2,-5.12,1.48,28386
2025-10-08T04:00:00Z,PAXG-PERP-INTX,SHORT,-0.1251,,2025-10-07T19:07:05Z,stop_loss,3995.893,4034.1807,-4.79,-0.9582,-1.98,0.02,31975
2025-10-08T19:00:00Z,APT-PERP-INTX,SHORT,-93.5,,2025-10-07T19:07:25Z,expired,5.349,5.217,12.34,2.4678,-0.52,3.94,85955
2025-10-08T13:00:00Z,PENDLE-PERP-INTX,LONG,103.7,,2025-10-07T19:06:44Z,stop_loss,4.825,4.6706,-16.01,-3.2,-3.25,1.68,64396
2025-10-08T10:00:00Z,ZRO-PERP-INTX,SHORT,-207,,2025-10-07T19:07:15Z,stop_loss,2.423,2.500536,-16.05,-3.2,-3.26,3.43,53565
2025-10-09T02:00:00Z,WLFI-PERP-INTX,LONG,2678,,2025-10-08T18:24:02Z,stop_loss,0.186866,0.18088629,-16.01,-3.2,-7.62,0.93,27358
2025-10-09T08:00:00Z,SUI-PERP-INTX,SHORT,-140.9,,2025-10-08T18:24:33Z,take_profit,3.549515,3.3791383,24.01,4.8,-0.43,6.24,48927
2025-10-09T16:00:00Z,PAXG-PERP-INTX,SHORT,-0.1234,,2025-10-08T18:24:12Z,take_profit,4056.9015,3998.8599,7.16,1.4307,-0.42,2.31,77748
2025-10-09T15:00:00Z,EURC-PERP-INTX,LONG,430.6,,2025-10-08T18:23:51Z,stop_loss,1.1613,1.1564411,-2.09,-0.4184,-0.53,0.24,74169
2025-10-09T10:00:00Z,ZRO-PERP-INTX,SHORT,-205.1,,2025-10-08T18:24:23Z,take_profit,2.440461,2.3233189,24.03,4.8,-1.09,7.8,56137
2025-10-09T22:00:00Z,LTC-PERP-INTX,SHORT,-4.23,,2025-10-09T18:01:02Z,stop_loss,118.07069,121.84895,-15.98,-3.2,-15.19,0.73,14338
2025-10-10T15:00:00Z,SUI-PERP-INTX,LONG,147.3,,2025-10-09T18:00:30Z,stop_loss,3.3966,3.2879088,-16.01,-3.2,-10.4,2.47,75570
2025-10-10T00:00:00Z,PAXG-PERP-INTX,SHORT,-0.126,,2025-10-09T18:00:52Z,stop_loss,3966.392,4008.1233,-5.26,-1.0521,-1.63,0.15,21548
2025-10-10T18:00:00Z,EURC-PERP-INTX,LONG,432.6,,2025-10-09T18:00:41Z,expired,1.156,1.1611,2.21,0.4412,-0.07,0.59,86359
2025-10-10T19:00:00Z,FIL-PERP-INTX,LONG,219,,2025-10-10T17:34:20Z,stop_loss,2.2827,2.2096536,-16.0,-3.2,-56.19,0.44,5140
2025-10-10T19:00:00Z,BERA-PERP-INTX,SHORT,-177.4,,2025-10-10T17:34:29Z,take_profit,2.805339,2.6706827,23.89,4.8,-0.49,70.45,5131
2025-10-10T20:00:00Z,NEAR-PERP-INTX,SHORT,-164.4,,2025-10-10T17:34:36Z,take_profit,3.0398,2.8938896,23.99,4.8,-0.67,49.9,8724
2025-10-10T20:00:00Z,APT-PERP-INTX,SHORT,-102.5,,2025-10-10T17:34:44Z,take_profit,4.876131,4.6420767,23.99,4.8,-0.12,44.67,8716
2025-10-10T21:00:00Z,EURC-PERP-INTX,LONG,431,,2025-10-10T17:34:12Z,stop_loss,1.16,1.1548352,-2.23,-0.4452,-5.66,0.25,12348
2025-10-11T19:00:00Z,BCH-PERP-INTX,LONG,0.947,,2025-10-11T07:21:09Z,stop_loss,528.02586,511.12903,-16.0,-3.2,-9.48,1.73,41931
2025-10-12T07:00:00Z,EURC-PERP-INTX,LONG,436.3,,2025-10-11T07:20:58Z,expired,1.146,1.1507,2.05,0.4101,-0.68,0.52,85142
2025-10-13T01:00:00Z,BCH-PERP-INTX,LONG,0.959,,2025-10-12T07:24:58Z,take_profit,521.77347,546.8186,24.02,4.8,-1.0,4.96,63302
2025-10-13T05:00:00Z,PAXG-PERP-INTX,SHORT,-0.1246,,2025-10-12T07:25:09Z,stop_loss,4012.4749,4068.1877,-6.94,-1.3885,-1.91,0.31,77691
2025-10-13T07:00:00Z,EURC-PERP-INTX,LONG,434.7,,2025-10-12T07:24:48Z,expired,1.1502,1.16,4.26,0.852,-0.02,1.05,84912
2025-10-13T23:00:00Z,PAXG-PERP-INTX,SHORT,-0.1225,,2025-10-13T07:26:27Z,stop_loss,4079.7382,4134.7765,-6.74,-1.3491,-3.21,0.11,56013
2025-10-14T06:00:00Z,ADA-PERP-INTX,SHORT,-693,,2025-10-13T07:26:47Z,take_profit,0.721473,0.6868423,24.0,4.8,-2.1,7.19,81193
2025-10-14T07:00:00Z,EURC-PERP-INTX,SHORT,-430.8,,2025-10-13T07:26:37Z,expired,1.1605,1.1549,2.41,0.4826,-0.05,0.54,84803
2025-10-15T01:00:00Z,PAXG-PERP-INTX,SHORT,-0.1207,,2025-10-14T07:29:17Z,stop_loss,4142.0224,4201.8221,-7.22,-1.4437,-2.32,0.8,63043
2025-10-15T07:00:00Z,EURC-PERP-INTX,LONG,432.6,,2025-10-14T07:29:07Z,expired,1.1558,1.1627,2.98,0.597,-0.17,0.63,84653
2025-10-15T13:00:00Z,ADA-PERP-INTX,LONG,712,,2025-10-15T06:59:04Z,stop_loss,0.7026,0.6801168,-16.01,-3.2,-6.39,1.98,21656
2025-10-15T20:00:00Z,BCH-PERP-INTX,LONG,0.932,,2025-10-15T06:59:16Z,stop_loss,536.84,519.66112,-16.01,-3.2,-3.6,1.69,46844
2025-10-16T06:00:00Z,PAXG-PERP-INTX,SHORT,-0.1185,,2025-10-15T06:59:26Z,expired,4219.446,4239.4,-2.36,-0.4729,-1.14,0.91,82834
2025-10-16T16:00:00Z,PAXG-PERP-INTX,SHORT,-0.1178,,2025-10-16T07:01:15Z,stop_loss,4245.5419,4307.5237,-7.3,-1.4599,-12.82,0.16,32325
2025-10-17T07:00:00Z,EURC-PERP-INTX,SHORT,-429.2,,2025-10-16T07:01:27Z,expired,1.1649,1.1699,-2.15,-0.4292,-0.59,0.05,86313
2025-10-17T16:00:00Z,PAXG-PERP-INTX,SHORT,-0.1137,,2025-10-17T07:06:32Z,take_profit,4396.4655,4220.3683,20.02,4.0054,-1.0,4.59,32008
2025-10-18T12:00:00Z,BCH-PERP-INTX,LONG,1.043,,2025-10-18T07:08:38Z,stop_loss,479.64338,464.2948,-16.01,-3.2,-4.8,0.33,17482
2025-10-19T07:00:00Z,EURC-PERP-INTX,SHORT,-429.4,,2025-10-18T07:09:00Z,expired,1.1643,1.164,0.13,0.0258,-0.03,0.13,85860
2025-10-19T07:00:00Z,PAXG-PERP-INTX,SHORT,-0.098,,2025-10-18T07:08:49Z,expired,4228.5098,4236.98,-0.83,-0.2003,-0.84,0.07,85871
2025-10-20T07:00:00Z,PAXG-PERP-INTX,SHORT,-0.0516,,2025-10-19T07:10:57Z,expired,4237.0283,4247.44,-0.54,-0.2457,-0.79,0.59,85743
2025-10-20T07:00:00Z,EURC-PERP-INTX,SHORT,-429.6,,2025-10-19T07:11:08Z,expired,1.164,1.1656,-0.69,-0.1375,-0.23,0.04,85732
2025-10-21T04:00:00Z,ADA-PERP-INTX,LONG,747,,2025-10-20T09:33:35Z,stop_loss,0.6697,0.6482696,-16.01,-3.2,-4.87,0.72,66385
2025-10-20T15:00:00Z,PAXG-PERP-INTX,SHORT,-0.0516,,2025-10-20T09:33:45Z,stop_loss,4242.98,4345.0252,-5.27,-2.405,-3.42,0.14,19575
2025-10-21T09:00:00Z,LTC-PERP-INTX,LONG,5.29,,2025-10-20T09:33:26Z,expired,94.596824,92.08,-13.31,-2.6606,-3.1,1.26,84394
2025-10-21T09:00:00Z,EURC-PERP-INTX,SHORT,-428.8,,2025-10-20T09:33:55Z,expired,1.1659,1.1622,1.59,0.3174,-0.03,0.43,84365
2025-10-20T15:00:00Z,PAXG-PERP-INTX,SHORT,-0.1179,,2025-10-20T09:33:45Z,stop_loss,4242.98,4345.0252,-12.03,-2.405,-3.42,0.14,19575
2025-10-21T14:00:00Z,PAXG-PERP-INTX,LONG,0.2343,,2025-10-21T09:20:30Z,stop_loss,4268.9783,4161.4036,-25.2,-2.5199,-5.84,0.29,16770
2025-10-21T14:00:00Z,NEAR-PERP-INTX,LONG,460.1,,2025-10-21T09:20:37Z,take_profit,2.174846,2.2792386,48.03,4.8,-0.74,8.72,16763
2025-10-22T09:00:00Z,EURC-PERP-INTX,LONG,860.8,,2025-10-21T09:20:23Z,expired,1.1618,1.1596,-1.89,-0.1894,-0.29,0.04,85177
2025-10-21T15:00:00Z,APT-PERP-INTX,LONG,157.5,,2025-10-21T13:17:25Z,take_profit,3.177343,3.3298555,24.02,4.8,-0.83,6.38,6155
2025-10-10T15:00:00Z,SUI-PERP-INTX,SHORT,-78.3,,2025-10-10T15:31:47Z,stop_loss,3.2963,3.4017816,-8.26,-3.2,-4.55,82.67,0
2025-10-22T21:00:00Z,ONDO-PERP-INTX,LONG,702,,2025-10-22T14:32:21Z,stop_loss,0.713327,0.69050054,-16.02,-3.2,-4.24,2.11,23259
2025-10-22T21:00:00Z,SUI-PERP-INTX,LONG,128.3,,2025-10-22T06:17:53Z,stop_loss,2.421066,2.3435919,-9.94,-3.2,-3.5,2.29,52927
2025-10-23T06:00:00Z,EURC-PERP-INTX,LONG,430.8,,2025-10-22T06:17:35Z,expired,1.1608,1.1595,-0.56,-0.112,-0.25,0.08,85345
2025-10-22T11:00:00Z,AAVE-PERP-INTX,LONG,2.32,,2025-10-22T11:02:20Z,take_profit,215.3116,225.64655,23.98,4.8,-3.23,4.86,0
2025-10-22T21:00:00Z,SUI-PERP-INTX,LONG,206.6,,2025-10-22T06:17:53Z,stop_loss,2.421079,2.3436045,-16.01,-3.2,-3.5,2.29,52927
2025-10-23T06:00:00Z,EURC-PERP-INTX,LONG,430.8,,2025-10-22T06:17:35Z,expired,1.1608,1.1595,-0.56,-0.112,-0.25,0.08,85345
2025-10-23T07:00:00Z,JASMY-PERP-INTX,SHORT,-46896,,2025-10-23T07:38:31Z,stop_loss,0.01062,0.01095984,-15.94,-3.2,-7.05,1.53,0
2025-10-24T05:00:00Z,ONDO-PERP-INTX,LONG,701,,2025-10-23T05:37:02Z,expired,0.713996,0.7359,15.35,3.0678,-0.62,3.29,84178
2025-10-24T05:00:00Z,EURC-PERP-INTX,LONG,431.1,,2025-10-23T05:36:27Z,expired,1.1599,1.1607,0.34,0.069,-0.11,0.24,84213
2025-10-23T17:00:00Z,INJ-PERP-INTX,LONG,60.7,,2025-10-23T05:37:19Z,take_profit,8.237557,8.6329597,24.0,4.8,-0.27,4.91,40961
2025-10-24T05:00:00Z,ADA-PERP-INTX,LONG,1261,,2025-10-23T05:36:44Z,expired,0.637084,0.6529,19.94,2.4826,-1.21,2.84,84196
2025-10-24T04:00:00Z,AAVE-PERP-INTX,LONG,2.24,,2025-10-23T08:14:10Z,take_profit,223.07,233.77736,23.98,4.8,-2.01,5.43,71150
2025-10-24T05:00:00Z,ADA-PERP-INTX,LONG,1573,,2025-10-23T05:36:44Z,expired,0.635917,0.6529,26.71,2.6706,-1.02,3.03,84196
2025-10-23T06:00:00Z,EURC-PERP-INTX,SHORT,-1294.5,,2025-10-22T06:15:17Z,expired,1.160367,1.1595,1.12,0.0747,-0.11,0.21,85483
2025-10-25T05:00:00Z,ONDO-PERP-INTX,LONG,884,,2025-10-24T05:48:23Z,expired,0.736601,0.7264,-9.02,-1.3849,-2.29,2.17,83497
2025-10-25T05:00:00Z,ADA-PERP-INTX,LONG,996,,2025-10-24T05:48:06Z,expired,0.6527,0.6553,2.59,0.3983,-1.53,1.82,83514
2025-10-25T05:00:00Z,SYRUP-PERP-INTX,SHORT,-1762,,2025-10-24T05:47:48Z,expired,0.37744,0.37693,0.9,0.1351,-2.12,2.35,83532
2025-10-25T05:00:00Z,JASMY-PERP-INTX,SHORT,-60336,,2025-10-24T05:48:41Z,expired,0.010798,0.010604,11.71,1.7966,-0.8,3.83,83479
2025-10-25T05:00:00Z,EURC-PERP-INTX,LONG,560.1,,2025-10-24T05:47:31Z,expired,1.1607,1.1632,1.4,0.2154,-0.04,0.29,83549
2025-10-26T05:00:00Z,ZRO-PERP-INTX,LONG,386.7,,2025-10-25T05:41:37Z,expired,1.682798,1.71,10.52,1.6165,-1.06,2.69,83903
2025-10-26T05:00:00Z,AAVE-PERP-INTX,LONG,2.86,,2025-10-25T05:41:20Z,expired,227.59126,226.4,-3.41,-0.5234,-1.81,0.7,83920
2025-10-26T05:00:00Z,EURC-PERP-INTX,LONG,558.8,,2025-10-25T05:40:53Z,expired,1.1633,1.1628,-0.28,-0.043,-0.08,0.06,83947
2025-10-26T07:00:00Z,UMA-PERP-INTX,LONG,556,,2025-10-25T07:13:24Z,expired,1.170693,1.17436,2.04,0.3132,-1.0,1.76,85596
2025-10-26T07:00:00Z,COMP-PERP-INTX,SHORT,-17.28,,2025-10-25T07:13:33Z,expired,37.660017,38.32,-11.4,-1.7525,-2.5,0.37,85587
2025-10-27T04:00:00Z,EURC-PERP-INTX,SHORT,-427.2,,2025-10-26T05:42:30Z,expired,1.1628,1.1623,0.21,0.043,-0.11,0.07,80250
2025-10-26T11:00:00Z,AAVE-PERP-INTX,SHORT,-2.87,,2025-10-26T05:57:41Z,stop_loss,226.40094,233.64577,-20.79,-3.2,-10.01,0.76,18139
2025-10-27T04:00:00Z,EURC-PERP-INTX,LONG,131.8,,2025-10-26T05:56:32Z,expired,1.1628,1.1623,-0.07,-0.043,-0.07,0.11,79408
2025-10-26T11:00:00Z,CRV-PERP-INTX,LONG,1228,,2025-10-26T05:57:06Z,take_profit,0.5294,0.5548112,31.2,4.8,-0.51,12.73,18174
2025-10-26T11:00:00Z,AERO-PERP-INTX,SHORT,-716.3,,2025-10-26T05:57:23Z,stop_loss,0.905811,0.93479695,-20.76,-3.2,-6.47,1.2,18157
2025-10-26T22:00:00Z,KAITO-PERP-INTX,SHORT,-584.2,,2025-10-26T05:56:49Z,stop_loss,1.112882,1.1484942,-20.8,-3.2,-12.61,0.6,57791
2025-10-27T14:00:00Z,BARD-PERP-INTX,SHORT,-965,,2025-10-26T14:11:34Z,expired,0.672281,0.653787,17.85,2.7509,-0.29,2.82,85706
2025-10-27T17:00:00Z,FIL-PERP-INTX,SHORT,-397.3,,2025-10-26T17:47:35Z,expired,1.635119,1.6707,-14.14,-2.176,-3.07,2.0,83545
2025-10-27T10:00:00Z,BERA-PERP-INTX,LONG,342.1,,2025-10-27T07:06:22Z,stop_loss,1.910499,1.849363,-20.91,-3.2,-11.65,0.03,10418
2025-10-27T13:00:00Z,UMA-PERP-INTX,LONG,550,,2025-10-27T07:06:13Z,stop_loss,1.180987,1.1431954,-20.79,-3.2,-4.87,0.06,21227
2025-10-28T05:00:00Z,APT-PERP-INTX,SHORT,-181.7,,2025-10-27T06:36:49Z,take_profit,3.577893,3.4061541,31.2,4.8,-0.39,4.8,80591
2025-10-28T05:00:00Z,INJ-PERP-INTX,SHORT,-72.7,,2025-10-27T07:17:55Z,take_profit,8.937572,8.5085685,31.19,4.8,-0.72,4.83,78125
2025-10-28T13:00:00Z,CRV-PERP-INTX,SHORT,-1148,,2025-10-27T13:32:16Z,expired,0.566016,0.5656,0.48,0.0735,-2.45,3.77,84464
2025-10-28T07:00:00Z,ADA-PERP-INTX,SHORT,-958,,2025-10-27T07:42:06Z,expired,0.6784,0.6631,14.66,2.2553,-1.49,3.23,83874
2025-10-28T15:00:00Z,ENA-PERP-INTX,LONG,1317,,2025-10-28T07:29:30Z,stop_loss,0.493366,0.47757829,-20.79,-3.2,-8.65,2.14,27030
2025-10-28T20:00:00Z,PENGU-PERP-INTX,LONG,30482,,2025-10-28T07:30:04Z,stop_loss,0.021334,0.020651312,-20.81,-3.2,-5.47,3.9,44996
2025-10-28T20:00:00Z,PENDLE-PERP-INTX,LONG,197.6,,2025-10-28T07:29:46Z,stop_loss,3.288,3.182784,-20.79,-3.2,-4.44,2.71,45014
2025-10-29T17:00:00Z,NEAR-PERP-INTX,LONG,292.5,,2025-10-28T21:37:02Z,take_profit,2.221888,2.3285386,31.2,4.8,-0.96,5.66,69778
2025-10-28T22:00:00Z,AERO-PERP-INTX,SHORT,-699.7,,2025-10-28T19:28:14Z,stop_loss,0.924924,0.95452157,-20.71,-3.2,-9.24,2.54,9106
2025-10-28T17:00:00Z,SYRUP-PERP-INTX,SHORT,-1668,,2025-10-28T07:29:13Z,stop_loss,0.389739,0.40221065,-20.8,-3.2,-4.05,2.51,34247
2025-10-28T20:00:00Z,JASMY-PERP-INTX,LONG,62717,,2025-10-28T07:37:59Z,stop_loss,0.010318,0.009987824,-20.71,-3.2,-3.26,1.63,44521
2025-10-29T09:00:00Z,HNT-PERP-INTX,SHORT,-269.9,,2025-10-29T07:45:45Z,stop_loss,2.395162,2.4718072,-20.69,-3.2,-6.97,2.51,4455
2025-10-29T20:00:00Z,ADA-PERP-INTX,LONG,1011,,2025-10-28T20:36:18Z,expired,0.6431,0.653,10.01,1.5394,-2.78,2.64,84222
2025-10-29T18:00:00Z,NEAR-PERP-INTX,LONG,290.3,,2025-10-28T21:42:12Z,take_profit,2.23983,2.3473418,31.21,4.8,-1.76,4.82,73068
2025-10-29T13:00:00Z,HBAR-PERP-INTX,LONG,3343,,2025-10-29T04:29:12Z,take_profit,0.194388,0.20371862,31.19,4.8,-0.42,8.33,30648
2025-10-30T04:00:00Z,ONDO-PERP-INTX,LONG,1778,,2025-10-29T07:45:28Z,stop_loss,0.731035,0.70764188,-41.59,-3.2,-3.68,3.95,72872
2025-10-30T12:00:00Z,JASMY-PERP-INTX,LONG,64248,,2025-10-30T06:14:31Z,stop_loss,0.010142,0.009817456,-20.85,-3.2,-5.48,1.13,20729
2025-10-30T12:00:00Z,ADA-PERP-INTX,LONG,1019,,2025-10-30T06:14:14Z,stop_loss,0.6378,0.6173904,-20.8,-3.2,-8.09,1.6,20746
2025-10-30T15:00:00Z,SYRUP-PERP-INTX,SHORT,-1514,,2025-10-30T06:14:48Z,take_profit,0.428323,0.4077635,31.13,4.8,-2.7,10.0,31512
2025-10-30T12:00:00Z,HBAR-PERP-INTX,SHORT,-3126,,2025-10-30T06:15:05Z,take_profit,0.207914,0.19793413,31.2,4.8,-1.37,8.98,20695
2025-10-31T08:00:00Z,SYRUP-PERP-INTX,SHORT,-1199,,2025-10-31T06:33:52Z,stop_loss,0.418582,0.43197662,-16.06,-3.2,-14.18,1.06,5168
2025-10-31T23:00:00Z,HBAR-PERP-INTX,LONG,2594,,2025-10-31T06:34:09Z,take_profit,0.192933,0.20219378,24.02,4.8,-1.51,6.08,59151
2025-11-01T06:00:00Z,NEAR-PERP-INTX,LONG,236.9,,2025-10-31T06:34:26Z,expired,2.112643,2.1183,1.34,0.2678,-2.11,2.33,84334
2025-11-01T06:00:00Z,ADA-PERP-INTX,LONG,818,,2025-10-31T06:34:43Z,expired,0.6112,0.6102,-0.82,-0.1636,-2.24,1.39,84317
2025-11-01T06:00:00Z,PENDLE-PERP-INTX,LONG,162.5,,2025-10-31T06:35:00Z,expired,3.077366,3.11,5.3,1.0605,-3.03,3.27,84300
2025-11-01T06:00:00Z,ADA-PERP-INTX,LONG,483,,2025-10-31T06:34:43Z,expired,0.6112,0.6102,-0.48,-0.1636,-2.24,1.39,84317
2025-11-01T07:00:00Z,SYRUP-PERP-INTX,SHORT,-1132,,2025-11-01T07:31:30Z,stop_loss,0.443181,0.45736279,-16.05,-3.2,-5.35,1.52,0
2025-11-01T15:00:00Z,STRK-PERP-INTX,LONG,4725,,2025-11-01T07:30:39Z,take_profit,0.105828,0.11090774,24.0,4.8,-0.97,19.98,26961
2025-11-01T21:00:00Z,HBAR-PERP-INTX,LONG,2461,,2025-11-01T07:30:56Z,stop_loss,0.203297,0.1967915,-16.01,-3.2,-4.31,0.22,48544
2025-11-02T07:00:00Z,CRV-PERP-INTX,LONG,1042,,2025-11-01T07:31:13Z,expired,0.4797,0.4862,6.77,1.355,-1.67,2.06,84527
2025-11-02T13:00:00Z,CRV-PERP-INTX,LONG,1034,,2025-11-02T07:41:04Z,stop_loss,0.4838,0.4683184,-16.01,-3.2,-10.11,0.64,19136
2025-11-02T14:00:00Z,PENDLE-PERP-INTX,LONG,160.3,,2025-11-02T07:40:47Z,stop_loss,3.124272,3.0242953,-16.03,-3.2,-12.04,0.25,22753
2025-11-02T14:00:00Z,COMP-PERP-INTX,LONG,13.88,,2025-11-02T07:40:29Z,stop_loss,36.069733,34.915502,-16.02,-3.2,-7.21,0.14,22771
2025-11-02T14:00:00Z,JASMY-PERP-INTX,LONG,49315,,2025-11-02T07:41:21Z,stop_loss,0.010148,0.009823264,-16.01,-3.2,-8.41,0.08,22719
2025-11-02T19:00:00Z,SEI-PERP-INTX,SHORT,-2523,,2025-11-02T07:41:38Z,take_profit,0.1983,0.1887816,24.01,4.8,-1.92,10.79,40702
2025-11-03T10:00:00Z,ZRO-PERP-INTX,LONG,311.5,,2025-11-03T07:31:59Z,stop_loss,1.598761,1.5476006,-15.94,-3.2,-14.25,2.58,8881
2025-11-03T20:00:00Z,ADA-PERP-INTX,LONG,886,,2025-11-03T17:32:04Z,stop_loss,0.5651,0.5470168,-16.02,-3.2,-10.12,0.71,8876
2025-11-04T01:00:00Z,ADA-PERP-INTX,SHORT,-792,,2025-11-03T21:17:52Z,stop_loss,0.5422,0.5595504,-13.74,-3.2,-3.85,9.65,13328
2025-11-04T17:00:00Z,ADA-PERP-INTX,LONG,132,,2025-11-04T09:33:43Z,stop_loss,0.5409,0.5235912,-2.28,-3.2,-9.43,2.33,26777
2025-11-04T17:00:00Z,NEAR-PERP-INTX,LONG,265.1,,2025-11-04T09:33:59Z,stop_loss,1.8865,1.826132,-16.0,-3.2,-8.91,2.85,26761
2025-11-04T17:00:00Z,ETC-PERP-INTX,LONG,33.82,,2025-11-04T09:33:51Z,stop_loss,14.789355,14.316096,-16.01,-3.2,-8.58,2.98,26769
2025-11-05T18:00:00Z,BTC-PERP-INTX,LONG,0.1052,,2025-11-04T18:54:30Z,expired,101156.1,104373.7,338.49,3.1808,-2.24,3.38,83130
2025-11-05T16:00:00Z,BTC-PERP-INTX,LONG,0.022,,2025-11-04T20:09:16Z,take_profit,100365.4,103965.4,79.2,3.5869,-1.47,4.19,71444
2025-11-05T16:00:00Z,BTC-PERP-INTX,LONG,0.0215,,2025-11-04T20:11:48Z,take_profit,100410.2,104010.2,77.4,3.5853,-1.51,4.14,71292
2025-11-05T15:00:00Z,BTC-PERP-INTX,LONG,0.0148,,2025-11-04T20:27:04Z,take_profit,100152,103752,53.28,3.5945,-1.26,4.41,66776
2025-11-05T18:00:00Z,BTC-PERP-INTX,LONG,0.017,,2025-11-04T20:29:54Z,take_profit,100485.5,104085.5,61.2,3.5826,-1.59,4.07,77406
2025-11-05T18:00:00Z,BTC-PERP-INTX,LONG,0.0442,,2025-11-04T20:30:38Z,take_profit,100546.93,104146.93,159.12,3.5804,-1.65,4.0,77362
2025-11-05T01:00:00Z,ADA-PERP-INTX,LONG,958,,2025-11-04T22:45:43Z,stop_loss,0.522134,0.50542571,-16.01,-3.2,-5.25,5.43,8057
2025-11-05T01:00:00Z,ETC-PERP-INTX,LONG,34.84,,2025-11-04T22:45:17Z,stop_loss,14.365306,13.905616,-16.02,-3.2,-5.48,2.6,8083
